Baxter Blackburn,666,Frente,Elizabeth,Mauá,PA,Brazil,86413-152,12345678910,Shay Hayden,(11)81775-4410,23.01.10,dui@icloud.couk
Maggie Key,389,Fundo,Dean,Blumenau,BA,Brazil,32154457,12345678911,Bruce Jimenez,(68)7494-1644,23.08.09,quis.arcu.vel@yahoo.ca
Roth Ferguson,395,Frente,Zane,Nova Iguaçu,MG,Brazil,99566-458,12345678912,Stacy Woodward,(26)2528-5422,23.05.10,rhoncus.proin.nisl@hotmail.org
Lester Townsend,659,Fundo,Whoopi,São Luís,PR,Brazil,41958-435,12345678913,Darius Turner,(16)9812-7157,31.10.11,risus.donec@icloud.com
Wylie Thomas,958,Frente,Farrah,Campos dos Goytacazes,GO,Brazil,26649-884,12345678914,May Bush,(66)58436-7121,03.11.11,ornare.tortor@icloud.couk
Talon Bryan,354,Fundo,Meredith,Foz do Iguaçu,RJ,Brazil,37323361,12345678915,Isaac Solis,(71)6053-7856,07.05.09,amet@outlook.org
Elvis Tran,818,Frente,Avye,Guarapuava,PA,Brazil,66375-464,12345678916,Justina Galloway,(24)9487-7007,31.03.09,enim@yahoo.edu
Dominic Little,622,Fundo,Clinton,Governador Valadares,SP,Brazil,92639-735,12345678917,Imogene Walsh,(24)59470-9249,11.04.09,dignissim.pharetra.nam@outlook.edu
Nolan Rose,753,Frente,Drew,Maracanaú,PE,Brazil,68485-741,12345678918,Lillith Mcdowell,(17)6372-4288,02.12.11,euismod.et@icloud.com
Althea Fulton,569,Fundo,Dominic,Santa Rita,PE,Brazil,16516-841,12345678919,Aimee Weiss,(34)0615-6512,22.01.10,quis@google.edu
Mary Douglas,634,Frente,Uriel,Chapecó,RS,Brazil,74747-622,12345678920,Indigo Reeves,(50)25288-8421,19.05.09,id.libero.donec@hotmail.ca
Sebastian Buckner,566,Fundo,Maggy,Marabá,BA,Brazil,65983-337,12345678921,Signe Mathis,(57)8747-6669,11.12.10,ligula.aenean@protonmail.couk
Ursula Moody,281,Frente,Kelsie,São Gonçalo,SP,Brazil,65773-236,12345678922,Baker Barry,(46)6311-1645,28.02.10,sed.malesuada@protonmail.couk
Ursa Walsh,350,Fundo,Hayfa,Belém,GO,Brazil,58258-532,12345678923,Cleo Abbott,(21)1190-8377,06.07.11,ipsum@aol.ca
Clinton Mccarty,288,Frente,Germaine,Ponta Grossa,MG,Brazil,88894-145,12345678924,Ursula York,(33)3006-3741,14.01.12,mauris@outlook.com
Athena Norman,763,Fundo,Clementine,Guarapuava,CE,Brazil,21016-838,12345678925,Sybill Love,(68)33560-6033,23.01.10,sed.diam@aol.couk
Richard Hoffman,584,Frente,Petra,Cabo de Santo Agostinho,SP,Brazil,36617874,12345678926,Cade Gilmore,(69)33133-7571,09.01.10,ornare.egestas@aol.edu
Joelle Morrow,152,Fundo,Wyoming,Maracanaú,GO,Brazil,58525-151,12345678927,Kasper Carroll,(30)15471-1802,28.02.11,commodo.at@aol.com
Kevin Schmidt,489,Frente,David,Santa Rita,PB,Brazil,55547-388,12345678928,Germane Coleman,(41)5656-6118,31.01.11,enim@aol.ca
Ulla Cross,464,Fundo,Kareem,Criciúma,RS,Brazil,65447-947,12345678929,Whoopi Thomas,(18)2263-0933,10.09.09,hendrerit@hotmail.org
Connor Kaufman,710,Frente,Darius,Petrolina,SP,Brazil,76771-431,12345678930,Karyn Hays,(99)2737-8285,19.07.11,facilisis@aol.net
Kenyon Nguyen,860,Fundo,Autumn,Camaragibe,CE,Brazil,48611-597,12345678931,Bert Bryan,(75)6758-5471,13.10.10,et.magnis@icloud.org
Kadeem Hendrix,855,Frente,Chancellor,Cascavel,RJ,Brazil,83278-660,12345678932,Courtney Haney,(37)37148-2755,09.01.10,ligula.aliquam@protonmail.org
Debra Houston,759,Fundo,Kenneth,Caruaru,PR,Brazil,17122-984,12345678933,Cecilia Osborn,(58)3345-2814,07.02.10,aliquam.eros.turpis@yahoo.com
Steven Delgado,129,Frente,Vanna,Porto Alegre,CE,Brazil,67392-452,12345678934,Tate Padilla,(57)25642-1243,17.12.10,donec.non.justo@icloud.edu
Quintessa Harding,470,Fundo,Alice,Pelotas,MG,Brazil,54833-802,12345678935,Shannon Blevins,(71)95370-5127,21.08.10,velit.pellentesque@protonmail.couk
Xantha Bean,830,Frente,Christine,Bayeux,RS,Brazil,66215-812,12345678936,Erich Bennett,(47)78011-7274,09.12.09,porttitor.interdum@yahoo.couk
Giselle Mcclain,996,Fundo,Sydney,Timon,PR,Brazil,17362-792,12345678937,Naida Williamson,(42)44342-1268,04.06.11,praesent.eu@outlook.edu
Kane Snider,314,Frente,Bethany,Balsas,MG,Brazil,58410-696,12345678938,Talon Robles,(61)46545-9568,26.10.10,sollicitudin.orci.sem@protonmail.com
Jolie Ochoa,476,Fundo,Jason,Ananindeua,RJ,Brazil,58204-947,12345678939,Dylan Bauer,(78)14086-5276,19.03.11,at.iaculis@hotmail.com
Evelyn Frost,125,Frente,Howard,Campina Grande,PA,Brazil,36277561,12345678940,Deirdre Ochoa,(86)8833-2514,20.05.10,egestas.a.dui@hotmail.couk
Flynn Moody,225,Fundo,Knox,São João de Meriti,GO,Brazil,33816253,12345678941,Cameron Abbott,(54)11431-0695,22.06.11,nunc.laoreet@outlook.org
Ralph Davidson,908,Frente,Keith,Governador Valadares,PE,Brazil,42652-636,12345678942,Janna Roth,(17)96085-2248,05.01.12,lorem@protonmail.org
Molly Terrell,710,Fundo,Vincent,Olinda,GO,Brazil,85866-520,12345678943,Kamal Bishop,(87)2492-8071,22.11.11,dignissim.pharetra@hotmail.net
Oren Sutton,303,Frente,Quon,Cabo de Santo Agostinho,PR,Brazil,92645-264,12345678944,Ingrid Owen,(23)5975-5717,29.10.10,morbi.metus@yahoo.ca
Nathan Owens,389,Fundo,Elizabeth,Itajaí,RJ,Brazil,67835-649,12345678945,Kyle Vega,(85)11655-4206,19.05.09,sed.libero.proin@google.net
Shelby Acosta,281,Frente,Gil,Campina Grande,BA,Brazil,88422-626,12345678946,Noel Hendricks,(35)33220-1599,10.11.11,convallis@outlook.edu
Xander Mason,963,Fundo,Vanna,Ribeirão das Neves,RJ,Brazil,53633-516,12345678947,Willa Cortez,(15)8379-2261,02.02.12,suspendisse.non@google.org
Sheila Gamble,914,Frente,Violet,Rio Verde,MG,Brazil,74758-436,12345678948,Hyatt Estes,(19)6538-2669,13.06.10,ultrices.iaculis@outlook.ca
Austin Valdez,896,Fundo,Davis,Bayeux,PR,Brazil,20442-641,12345678949,Leroy Campos,(23)5435-7681,29.07.09,enim.consequat@outlook.ca
Jana Mcpherson,379,Frente,Donovan,João Pessoa,MA,Brazil,37273176,12345678950,Amanda Dudley,(82)08252-9461,02.04.11,eleifend.egestas@protonmail.org
Dorothy Mann,325,Fundo,Rooney,Sete Lagoas,BA,Brazil,76740-768,12345678951,Veronica Durham,(75)1378-9113,15.12.10,arcu@protonmail.ca
Walker Mckee,906,Frente,Maxwell,Sobral,MA,Brazil,43366-828,12345678952,Rajah Price,(74)2611-1548,22.08.11,ipsum@icloud.net
Logan Fry,524,Fundo,Channing,Rio Grande,PA,Brazil,51436-888,12345678953,Quamar O'connor,(14)47752-7407,14.04.10,aliquam.nisl@protonmail.org
Cecilia Meyers,375,Frente,Brynne,Mauá,CE,Brazil,81578-182,12345678954,Abra Myers,(39)03211-2352,25.08.11,duis.dignissim.tempor@outlook.com
Hiroko Webster,602,Fundo,Genevieve,Juazeiro do Norte,MA,Brazil,75739-957,12345678955,Tashya Cooper,(58)84456-8419,30.05.10,aptent.taciti@google.ca
Damon Perkins,899,Frente,Sybill,Joinville,RS,Brazil,75712-573,12345678956,Signe Fuentes,(44)5111-4256,09.11.09,proin@yahoo.edu
Maggie Christian,889,Fundo,Caleb,Uberlândia,PR,Brazil,66143-938,12345678957,Griffin Bauer,(51)74782-8587,19.10.09,sed.tortor@protonmail.net
Iola Mason,316,Frente,Abel,Mogi das Cruzes,PA,Brazil,61844-619,12345678958,Minerva Sheppard,(28)6592-1918,03.10.09,amet.ante.vivamus@aol.couk
Laith Flores,686,Fundo,Ria,Colombo,PA,Brazil,67654-143,12345678959,Amber Lyons,(15)76734-2941,05.11.11,facilisi@google.couk
Keith Wall,772,Frente,Kamal,Paulista,RJ,Brazil,68632-414,12345678960,Armando Reese,(56)8281-0277,26.08.10,proin@google.com
Michael Mejia,575,Fundo,Grace,São José,BA,Brazil,97801-845,12345678961,Nomlanga Chaney,(81)14544-3408,21.05.11,imperdiet.non@aol.ca
Linda Mendez,497,Frente,Ian,Luziânia,MG,Brazil,45685-179,12345678962,Felix Dickerson,(57)5550-5828,04.05.11,tempus.mauris@yahoo.ca
Tasha Figueroa,852,Fundo,Stone,Bayeux,PA,Brazil,45669-326,12345678963,Kirestin Lopez,(18)63636-8728,05.03.12,sit.amet@hotmail.org
Brent Perez,827,Frente,Kevyn,Guarapuava,CE,Brazil,95657-568,12345678964,Kamal Garner,(46)82254-4266,17.01.12,ullamcorper.eu@icloud.com
Alyssa Baxter,399,Fundo,Sheila,Betim,SC,Brazil,65661-801,12345678965,Cheyenne Simon,(67)7679-6330,19.05.10,egestas.hendrerit.neque@aol.edu
Nathan Blackwell,995,Frente,Xena,Maranguape,RS,Brazil,83582-746,12345678966,Tamekah Holman,(25)2542-8752,11.03.10,euismod.urna@hotmail.com
Zahir Robbins,432,Fundo,Vaughan,Ponta Grossa,PB,Brazil,66158-431,12345678967,Darryl Conrad,(41)9611-2523,07.06.11,cubilia.curae@hotmail.net
Seth Carrillo,835,Frente,Sybill,Ilhéus,BA,Brazil,61021-537,12345678968,Magee Walton,(81)19156-6676,20.05.11,sed.dictum@google.edu
Flavia Mcfarland,931,Fundo,Edan,Campina Grande,PB,Brazil,88274-236,12345678969,Melodie Suarez,(13)03430-3994,20.11.10,cras@icloud.couk
Nicholas Bond,344,Frente,Gareth,Barra do Corda,SP,Brazil,65420-349,12345678970,Shea Lamb,(73)38687-8584,18.02.12,lacus.etiam.bibendum@yahoo.couk
Clarke Duffy,666,Fundo,Sydney,Valparaíso de Goiás,MA,Brazil,18665-386,12345678971,Jacqueline Howe,(05)33239-0097,24.03.11,risus.donec@yahoo.net
Rinah Burt,123,Frente,Patrick,Itapipoca,BA,Brazil,30210763,12345678972,Ulla Dunlap,(18)2120-3236,26.06.10,lorem.lorem@outlook.com
Ezekiel Leonard,216,Fundo,Devin,Paulista,RS,Brazil,45566-775,12345678973,Keane Perez,(11)68161-5154,17.06.11,nascetur.ridiculus@hotmail.couk
Plato Mcneil,910,Frente,Rafael,Osasco,CE,Brazil,88718-524,12345678974,Abigail Ryan,(11)0826-6995,17.04.09,mauris.eu@icloud.ca
Garrison Berger,701,Fundo,Cruz,Luziânia,PA,Brazil,45054-127,12345678975,Sylvester Beasley,(42)08856-6942,19.05.09,in.dolor@google.couk
Harding Lewis,717,Frente,Jakeem,Sobral,CE,Brazil,86689-206,12345678976,Lucas Pierce,(80)13660-1792,26.01.10,aenean@aol.edu
Adrian Joseph,573,Fundo,Jayme,Jundiaí,SC,Brazil,55287-826,12345678977,Illiana Avery,(68)57235-1625,21.12.11,vulputate.mauris@aol.edu
Micah Gardner,308,Frente,Kamal,Olinda,PE,Brazil,54377-825,12345678978,George Howard,(29)7162-3805,13.08.10,erat.eget@yahoo.net
Eric Stone,944,Fundo,Chester,Juazeiro,PA,Brazil,45817-711,12345678979,Tad Bass,(75)2258-8692,13.08.11,eget.volutpat@google.org
Perry Whitney,849,Frente,Nissim,Juiz de Fora,PR,Brazil,89852-318,12345678980,Macaulay Haney,(26)1541-8331,23.08.09,malesuada.vel@icloud.org
Sierra Grant,697,Fundo,Ifeoma,Juazeiro do Norte,CE,Brazil,62231-175,12345678981,Dahlia Pittman,(78)1747-5717,12.12.11,nulla.cras.eu@icloud.org
Len Huffman,976,Frente,Xena,Cascavel,SP,Brazil,89181-517,12345678982,Gabriel Roman,(67)48640-8469,26.08.10,mi.lorem@icloud.ca
Breanna Lyons,332,Fundo,Hannah,Chapecó,PE,Brazil,75741-711,12345678983,Lyle Cook,(13)18464-4071,05.12.09,odio.aliquam@hotmail.com
Channing Hogan,193,Frente,Wang,Uberaba,CE,Brazil,25779-469,12345678984,Maggie Hansen,(73)6338-7766,25.03.12,class.aptent@google.edu
Josephine Fry,706,Fundo,Erin,Abaetetuba,PB,Brazil,62836-137,12345678985,Melvin Eaton,(96)32212-3271,12.04.11,nisl.arcu.iaculis@yahoo.couk
Addison Bernard,386,Frente,Shad,Valparaíso de Goiás,PA,Brazil,61627-579,12345678986,Lee Hardy,(57)78801-8145,03.02.10,donec.tempus@hotmail.com
Marah Banks,336,Fundo,Jorden,Bayeux,PB,Brazil,61774-916,12345678987,Kadeem Sargent,(17)8298-8462,07.12.11,lacus@outlook.couk
Emery Sanders,681,Frente,Whilemina,São Gonçalo,RS,Brazil,18314-941,12345678988,Hyatt Cantrell,(47)56173-6018,13.08.11,a.tortor@icloud.com
Benjamin Delaney,643,Fundo,Lisandra,Curitiba,MG,Brazil,14032-733,12345678989,Quon Jackson,(93)4818-5077,23.09.09,sociis.natoque@google.edu
Summer Wilkins,154,Frente,Raya,Camaragibe,RJ,Brazil,52324-455,12345678990,Noble Elliott,(32)74066-6767,25.06.09,fusce@icloud.org
Zahir Tyler,150,Fundo,Alea,Ponta Grossa,PA,Brazil,96496-664,12345678991,Suki Holder,(24)53503-7405,30.06.11,nec.luctus.felis@protonmail.net
Iola Nguyen,288,Frente,Honorato,Mauá,SP,Brazil,63494-384,12345678992,Quinn Hobbs,(32)6245-1132,10.07.11,purus@outlook.ca
Nita Daugherty,956,Fundo,Brenden,Criciúma,RS,Brazil,91032-443,12345678993,Thomas Mack,(21)26414-2400,22.03.11,taciti.sociosqu@google.ca
Hector Randolph,966,Frente,Odysseus,Bacabal,SP,Brazil,14916-796,12345678994,Justin Vasquez,(43)1115-1664,16.10.10,nisi.mauris.nulla@hotmail.ca
Tad Sexton,671,Fundo,Murphy,Marabá,MA,Brazil,43208-710,12345678995,Jermaine Albert,(31)3390-2460,05.12.10,mi@outlook.edu
Clayton Robles,502,Frente,Kenneth,Cabo de Santo Agostinho,PB,Brazil,25563-244,12345678996,Alma Leon,(87)77432-0437,26.02.10,sagittis.nullam.vitae@icloud.com
Hu Boyd,570,Fundo,Fredericka,Bacabal,SP,Brazil,55270-615,12345678997,Jerome Reilly,(82)68521-6857,21.12.11,mus@hotmail.com
Michael Booth,425,Frente,Ahmed,Chapecó,SP,Brazil,65276-353,12345678998,Neville Larson,(59)63058-5637,25.08.09,massa@yahoo.couk
Barry Mosley,283,Fundo,Jemima,São João de Meriti,MA,Brazil,76714-864,12345678999,Jenette Eaton,(63)1483-2167,22.12.11,rutrum.eu@protonmail.edu
Cody Alvarado,277,Frente,Brenden,Olinda,RS,Brazil,31305834,12345679000,Isaiah Dale,(02)8977-7846,03.11.11,vel.convallis.in@aol.org
Whoopi Sargent,572,Fundo,Medge,São Gonçalo,BA,Brazil,51964-604,12345679001,Tucker Mckenzie,(49)4550-7798,16.01.11,magnis.dis@outlook.edu
Sierra Bush,448,Frente,Hoyt,Florianópolis,PE,Brazil,94958-573,12345679002,Alvin Cunningham,(67)78398-2472,07.04.11,est@icloud.ca
Lareina Cervantes,743,Fundo,Colt,Duque de Caxias,MG,Brazil,62312-211,12345679003,Noelle Ingram,(83)7713-3703,20.04.11,mi.ac@hotmail.couk
Kalia Walker,977,Frente,Faith,Maringá,GO,Brazil,53286-573,12345679004,Haley Wiley,(54)10530-8529,27.07.10,vestibulum.ante.ipsum@protonmail.couk
Tatiana Steele,601,Fundo,Melodie,Olinda,MA,Brazil,58759-788,12345679005,Jackson Herring,(34)2625-4633,21.11.10,donec@outlook.edu
Shaeleigh Richmond,474,Frente,Brennan,Barra do Corda,MA,Brazil,76729-330,12345679006,Reed Robles,(61)5935-3249,25.03.11,parturient.montes@protonmail.com
Eagan Clark,131,Fundo,Leonard,Uberlândia,CE,Brazil,90140-652,12345679007,Axel Spears,(68)31418-4150,03.07.11,ullamcorper.duis.cursus@hotmail.couk
Plato Perkins,477,Frente,Mufutau,Campos dos Goytacazes,CE,Brazil,58240-274,12345679008,Byron Pierce,(87)26126-4175,30.08.10,urna.suscipit.nonummy@yahoo.edu
Ivor Vazquez,237,Fundo,Luke,Nova Iguaçu,PE,Brazil,58365-332,12345679009,Dalton Walter,(93)7987-9669,12.12.09,nunc.commodo@outlook.org
Rae Whitley,351,Frente,Maya,Uberlândia,GO,Brazil,74752-888,12345679010,Diana Owen,(52)64576-3632,12.10.09,eget.venenatis.a@google.edu
Demetrius Brooks,124,Fundo,Francesca,Novo Hamburgo,PR,Brazil,26521-762,12345679011,Carter Peterson,(77)11206-4895,04.06.10,dis.parturient@yahoo.org
Dylan Golden,441,Frente,Lila,Cabo de Santo Agostinho,PE,Brazil,24144-880,12345679012,Wade Austin,(34)0674-0727,19.11.11,amet@icloud.org
Ian Underwood,920,Fundo,Martha,Guarulhos,RS,Brazil,40711-175,12345679013,Harrison Reilly,(58)1919-4116,15.10.11,dui.lectus@icloud.com
Olympia Lynn,338,Frente,Ferris,Crato,CE,Brazil,54485-979,12345679014,Tobias Waters,(14)1237-3575,30.12.10,laoreet.lectus@outlook.couk
Evelyn Stokes,647,Fundo,Leila,Governador Valadares,BA,Brazil,88466-224,12345679015,Martina Knox,(86)5239-6686,19.04.10,cursus@google.net
Cally Harmon,247,Frente,Yolanda,Patos,RS,Brazil,76742-667,12345679016,Athena Crosby,(98)17406-9974,05.05.09,morbi.metus@aol.edu
Levi Spence,779,Fundo,Barrett,Jundiaí,PE,Brazil,33711375,12345679017,Abel Noble,(61)9962-9368,26.12.10,auctor.velit@yahoo.org
Inez Wiley,553,Frente,Lilah,Porto Alegre,RS,Brazil,20777-151,12345679018,Dorothy Gonzales,(47)0948-2845,25.10.11,ridiculus.mus.proin@aol.net
Leila Cantrell,410,Fundo,Alexander,Joinville,PA,Brazil,81977-497,12345679019,Marshall Hines,(38)84654-4333,21.09.10,nisi@icloud.org
Barry Mcfadden,987,Frente,Nyssa,Fortaleza,PA,Brazil,67368-624,12345679020,Melvin Guerra,(16)5387-5298,26.07.10,eu@yahoo.com
Theodore Fleming,158,Fundo,Lars,Joinville,PR,Brazil,87474-435,12345679021,Lynn Donaldson,(21)12465-2295,18.09.11,inceptos.hymenaeos.mauris@google.edu
Clinton Love,602,Frente,Cameran,Guarapuava,BA,Brazil,89822-131,12345679022,Nita Prince,(38)32564-5467,08.08.11,ridiculus.mus@aol.edu
Todd Morris,327,Fundo,Cade,Feira de Santana,GO,Brazil,58961-018,12345679023,Julian Moses,(67)1437-3861,18.10.10,dui.fusce@protonmail.couk
Kiara Mccray,876,Frente,Camden,Parauapebas,SC,Brazil,35872086,12345679024,Xavier Joyner,(25)9749-8868,12.02.12,quam.elementum@protonmail.ca
Quamar Calhoun,571,Fundo,Jenna,Fortaleza,CE,Brazil,46981-223,12345679025,Kay Jensen,(39)61705-3221,27.04.11,etiam.gravida.molestie@icloud.ca
Ori Pierce,418,Frente,Knox,Ilhéus,PE,Brazil,74721-138,12345679026,Brock Bean,(66)8682-9263,03.02.11,non.lacinia@outlook.com
Preston Adkins,849,Fundo,Jeanette,Santa Luzia,MG,Brazil,54694-435,12345679027,Melvin Hawkins,(85)15645-5132,19.04.09,donec.feugiat@protonmail.ca
Yuli Logan,753,Frente,Devin,Caxias,SP,Brazil,92116-697,12345679028,Neville Cardenas,(48)28198-4261,14.07.09,cursus@outlook.com
Axel Ochoa,906,Fundo,Ima,Águas Lindas de Goiás,CE,Brazil,66664-711,12345679029,Chandler Harrison,(05)3861-6472,02.09.10,sem.egestas@aol.edu
Scarlet Nicholson,783,Frente,Aaron,Caucaia,SC,Brazil,44854-243,12345679030,Naomi Christian,(65)2448-4842,30.08.09,sit@hotmail.edu
Rooney Gates,992,Fundo,Elliott,Santa Rita,PE,Brazil,58058-627,12345679031,Ruth Guy,(15)36242-5036,31.03.11,sem@google.org
Iris Villarreal,824,Frente,Maggie,Camaçari,GO,Brazil,56225-185,12345679032,Olympia Garrett,(25)7388-2138,15.07.11,vel@google.couk
Tatiana Foley,115,Fundo,Bernard,Ilhéus,BA,Brazil,58715-408,12345679033,Keane Carrillo,(67)3589-3566,20.03.10,nulla.in.tincidunt@aol.net
Anne Pittman,343,Frente,Chaney,Águas Lindas de Goiás,MG,Brazil,17078-243,12345679034,Tyler Mcpherson,(18)65757-5945,14.12.10,aenean@google.edu
Yardley Trevino,533,Fundo,Julie,Pelotas,BA,Brazil,58133-775,12345679035,Dustin Robles,(55)52948-5235,12.03.10,bibendum@aol.net
Daphne Vance,355,Frente,Kelly,Paranaguá,MA,Brazil,58505-718,12345679036,Chadwick Gamble,(58)59988-1670,08.03.12,nec@outlook.com
Callie Franklin,467,Fundo,Jerry,Camaçari,MA,Brazil,65234-385,12345679037,Kevyn Sanford,(33)68880-2323,30.04.10,nisi.sem@google.net
Buffy Sullivan,810,Frente,Giselle,Parauapebas,BA,Brazil,67878-398,12345679038,Gabriel Montoya,(96)2214-9547,11.08.11,in@icloud.org
Jason Robles,795,Fundo,Leonard,Barra do Corda,RJ,Brazil,33400382,12345679039,Russell Lamb,(90)39432-7377,02.09.09,justo.praesent@yahoo.com
Felicia Trevino,832,Frente,Anjolie,Santa Maria,RJ,Brazil,50837-223,12345679040,September Riddle,(93)9649-7111,28.07.09,vel.convallis@google.net
Nissim Hopkins,223,Fundo,Clio,Parauapebas,PE,Brazil,27823-887,12345679041,Andrew Collins,(11)11673-3318,16.12.11,class.aptent.taciti@hotmail.net
Merritt Macdonald,311,Frente,Micah,Ananindeua,CE,Brazil,87623-168,12345679042,Cameron Lopez,(43)50012-5901,23.03.12,eu.ultrices.sit@google.couk
Hoyt Griffin,570,Fundo,Leandra,Belo Horizonte,PB,Brazil,94765-650,12345679043,Chase Weber,(58)0239-5727,11.10.09,commodo@hotmail.ca
Chase Anderson,183,Frente,Knox,Jaboatão dos Guararapes,SC,Brazil,92236-563,12345679044,Margaret Farmer,(81)1562-8582,22.11.09,libero.at.auctor@icloud.ca
Acton Alvarado,424,Fundo,Erasmus,Guarapuava,PA,Brazil,31878467,12345679045,Odysseus Perry,(14)34027-7945,28.12.11,volutpat.nunc@protonmail.edu
Ori Moreno,954,Frente,Nicholas,Camaçari,CE,Brazil,25327-182,12345679046,Nina Brock,(74)14368-4724,23.11.11,lectus.rutrum@yahoo.org
Finn Taylor,676,Fundo,Ifeoma,Cajazeiras,RJ,Brazil,52480-294,12345679047,Zephr Alvarez,(75)6414-4433,17.02.12,sed.pede@hotmail.ca
Rhonda Owen,956,Frente,Cadman,Caucaia,CE,Brazil,54620-162,12345679048,Jillian Gentry,(46)63159-3656,04.06.11,dolor.nulla.semper@protonmail.edu
Richard Guy,152,Fundo,Suki,Guarapuava,CE,Brazil,46196-238,12345679049,Odysseus Ware,(33)3374-6071,02.12.10,luctus.aliquet.odio@icloud.com
Blythe Sims,293,Frente,Shad,Bayeux,PR,Brazil,65516-227,12345679050,Victoria Rodriquez,(61)28574-1876,08.07.09,ante.ipsum@aol.ca
Paul Briggs,815,Fundo,Alden,Rio Grande,SP,Brazil,43720-783,12345679051,Grace Aguilar,(34)59738-7486,17.11.09,cum@icloud.ca
Kathleen Murphy,137,Frente,Tamara,Colombo,GO,Brazil,54128-143,12345679052,Wylie Vincent,(32)5810-8576,07.06.11,enim.commodo.hendrerit@yahoo.org
Aristotle Mcgowan,191,Fundo,Raja,Santa Inês,BA,Brazil,33684386,12345679053,Graiden Combs,(21)6842-1586,08.07.11,nulla.dignissim@hotmail.com
Brady Greer,640,Frente,Olga,Águas Lindas de Goiás,BA,Brazil,62584-501,12345679054,Boris Solomon,(72)7462-8260,13.11.10,eu.erat@google.edu
Malik Christian,475,Fundo,Oprah,Guarapuava,PE,Brazil,96867-850,12345679055,Autumn Daniel,(83)90202-2577,30.08.11,erat.eget@hotmail.ca
Macaulay Anthony,172,Frente,Rina,Salvador,PA,Brazil,34437641,12345679056,Nathaniel Clay,(57)0325-4996,24.09.09,nulla.facilisis@google.edu
Benedict Guerra,488,Fundo,Fritz,Guarulhos,PR,Brazil,21432-671,12345679057,Grace Gates,(12)5550-8135,10.03.11,amet@google.com
Chava Sykes,418,Frente,Carissa,Itabuna,PA,Brazil,61156-834,12345679058,Yvette Burnett,(22)2358-4237,13.05.09,tellus.lorem@protonmail.com
Vielka Singleton,299,Fundo,Dawn,Maringá,PE,Brazil,86426-758,12345679059,Yoshio Parks,(72)7881-8228,22.09.09,cursus@google.couk
Lani Williamson,711,Frente,Honorato,Jaboatão dos Guararapes,RS,Brazil,74764-364,12345679060,Evangeline Barton,(67)03272-7663,15.09.11,integer.urna@outlook.net
Wallace Carroll,564,Fundo,Price,Guarapuava,PR,Brazil,50393-982,12345679061,Kylynn Becker,(22)27975-2831,07.10.11,pellentesque.eget.dictum@google.edu
Rylee French,258,Frente,Dominique,São Gonçalo,MG,Brazil,27121-391,12345679062,Finn Figueroa,(05)01311-8823,25.05.09,pulvinar.arcu.et@yahoo.net
William Henderson,599,Fundo,Stephen,Mauá,BA,Brazil,66573-033,12345679063,Brittany Osborn,(16)3448-2726,06.08.09,magna.tellus.faucibus@outlook.net
Zeus Floyd,585,Frente,Iola,Duque de Caxias,MA,Brazil,74763-470,12345679064,Ella Larson,(80)74943-1896,15.06.10,enim@icloud.org
Ria Gonzalez,966,Fundo,Rhona,Porto Alegre,CE,Brazil,85192-532,12345679065,Willa Mccray,(15)14574-4110,08.02.11,et.eros@outlook.org
Florence Cobb,571,Frente,Keelie,Mogi das Cruzes,BA,Brazil,75736-672,12345679066,Adam Flynn,(24)24657-3658,07.06.10,nec@protonmail.edu
Neve Hampton,298,Fundo,Carlos,Niterói,SP,Brazil,55578-683,12345679067,Carson Goodman,(45)92088-5577,23.05.11,morbi.quis@hotmail.net
William Hobbs,697,Frente,Cruz,São José dos Pinhais,MA,Brazil,53533-346,12345679068,Sasha Cruz,(82)2241-9646,18.09.10,hendrerit@google.ca
Colby Fischer,849,Fundo,Hilel,Campina Grande,PR,Brazil,88836-644,12345679069,Daryl Lopez,(82)1856-3139,30.09.10,quis.diam@icloud.net
Edward Guerra,552,Frente,MacKensie,Petrolina,BA,Brazil,31037463,12345679070,Sigourney Reese,(78)6423-8887,17.12.10,placerat@hotmail.org
Ian Bennett,620,Fundo,Rana,Montes Claros,RJ,Brazil,47163-934,12345679071,Kelsie Perry,(25)6804-8488,14.06.11,turpis@protonmail.couk
Desiree Gentry,391,Frente,Nola,Belém,GO,Brazil,51431-863,12345679072,Daniel Mcmillan,(41)7743-7471,02.06.09,pede.nonummy@icloud.org
Julie Hopkins,957,Fundo,Derek,Mogi das Cruzes,SP,Brazil,38747548,12345679073,Keane Benjamin,(16)29549-7443,24.07.10,nec.enim.nunc@aol.com
Iliana Hutchinson,440,Frente,Yael,Joinville,GO,Brazil,31914218,12345679074,Rudyard Keith,(22)7277-4775,19.10.11,ultricies@icloud.ca
Evangeline Avery,868,Fundo,Norman,Osasco,SP,Brazil,36756557,12345679075,Michael Howard,(75)28484-1053,12.06.10,blandit.at@protonmail.com
Clark Conley,366,Frente,Brendan,Recife,PB,Brazil,96718-887,12345679076,Amber Trevino,(18)73514-6154,29.09.10,suscipit@icloud.net
Garrett Solomon,692,Fundo,Iola,Mogi das Cruzes,SC,Brazil,55001-518,12345679077,Orla Shaw,(31)3526-1647,25.02.11,in@protonmail.org
Wang Mccullough,480,Frente,Wang,Florianópolis,PB,Brazil,89428-880,12345679078,Fritz Gibbs,(71)8362-4223,22.12.09,enim.nisl@yahoo.com
Dale Carr,469,Fundo,Chancellor,Contagem,RS,Brazil,32542321,12345679079,Nehru Morin,(52)77223-1972,05.03.12,proin.dolor@aol.net
Maris Tucker,827,Frente,Rosalyn,Açailândia,SC,Brazil,81395-644,12345679080,Chase Kelly,(33)78396-9241,19.12.09,nullam.feugiat@protonmail.com
Jonas Dominguez,465,Fundo,Desirae,Caxias do Sul,PA,Brazil,89193-868,12345679081,Conan Black,(91)73291-1049,09.09.09,ac.metus@google.ca
Josephine Reed,861,Frente,Inez,Santa Inês,RS,Brazil,75747-275,12345679082,Christine Wood,(88)8026-4510,22.08.10,scelerisque.scelerisque@outlook.ca
Bryar Hurst,179,Fundo,Scarlet,Jundiaí,PA,Brazil,58211-597,12345679083,Xantha Lindsay,(80)22685-5184,18.07.10,ornare.sagittis@outlook.com
Cameron Estes,920,Frente,Kennan,Chapecó,SP,Brazil,58304-231,12345679084,Abel Key,(23)41201-2838,05.11.11,et.arcu@icloud.net
Roth Alvarado,107,Fundo,Britanney,Caucaia,RS,Brazil,90634-282,12345679085,Lani Velez,(20)36560-2034,23.06.11,mauris.morbi.non@google.couk
Mariko Mckee,689,Frente,Yasir,Itapipoca,PR,Brazil,63798-738,12345679086,Yuli Vance,(87)9638-2562,24.10.09,suscipit.est.ac@outlook.couk
Lyle Wilder,270,Fundo,Axel,Duque de Caxias,PR,Brazil,89527-344,12345679087,Keiko Pate,(77)81407-3564,20.12.10,ante.bibendum.ullamcorper@protonmail.com
Eric Mason,938,Frente,Raymond,Codó,MA,Brazil,88070-145,12345679088,Hector Chandler,(71)7594-6412,27.01.12,a.facilisis@outlook.org
Abigail Hudson,102,Fundo,Virginia,Aparecida de Goiânia,PA,Brazil,13017-116,12345679089,Dahlia Gross,(66)92541-4565,11.02.12,vivamus.rhoncus@protonmail.edu
Buckminster Glass,819,Frente,Duncan,Campos dos Goytacazes,CE,Brazil,84018-394,12345679090,Hop Lancaster,(71)2073-4723,22.10.11,etiam.gravida.molestie@google.ca
Scarlet Boyle,558,Fundo,Alvin,Contagem,PA,Brazil,65021-304,12345679091,Aphrodite Quinn,(71)52453-7736,09.12.10,mauris@hotmail.ca
Yen Kidd,885,Frente,Adele,Cametá,PE,Brazil,58666-168,12345679092,Quemby Mathews,(68)0147-3211,15.11.09,tincidunt.pede@protonmail.couk
Megan Mckinney,945,Fundo,Lee,Ponta Grossa,SC,Brazil,61255-005,12345679093,Reese Huffman,(50)75957-8809,07.11.11,lacinia.at.iaculis@yahoo.couk
Jasmine Mcclain,349,Frente,Jason,Criciúma,RJ,Brazil,58447-746,12345679094,Shannon Hartman,(66)5475-5528,25.08.11,ac.mattis@protonmail.net
Ingrid Hardin,225,Fundo,Cade,São Gonçalo,PE,Brazil,88134-217,12345679095,Jesse Mcbride,(24)76143-3472,13.12.10,ullamcorper.magna.sed@protonmail.net
Shea Hays,405,Frente,Boris,Mogi das Cruzes,MA,Brazil,63864-142,12345679096,Karleigh Landry,(11)58646-0680,24.05.09,ligula@aol.com
Brielle Hinton,563,Fundo,Patience,Carapicuíba,PR,Brazil,89873-226,12345679097,Brooke Dennis,(43)4751-6722,16.06.10,penatibus.et@yahoo.org
Harding Love,132,Frente,Vaughan,Aparecida de Goiânia,BA,Brazil,65816-442,12345679098,Ferdinand Miles,(47)6434-8487,21.06.10,id.ante@aol.net
Emerson Henry,636,Fundo,Ignacia,Caucaia,PB,Brazil,15289-536,12345679099,Wallace Wagner,(68)1231-4633,27.02.11,ac.mattis@aol.com
Reece Hewitt,374,Frente,Allistair,Canoas,SC,Brazil,37378538,12345679100,Gwendolyn Mendoza,(66)14408-8493,25.01.10,semper.egestas@aol.net
Zelenia Preston,273,Fundo,Neville,Jundiaí,CE,Brazil,24031-889,12345679101,Amity Stuart,(26)1386-3832,23.03.11,sapien.nunc@yahoo.edu
Sawyer Mitchell,715,Frente,Reed,Duque de Caxias,PR,Brazil,53642-101,12345679102,Camden Mccullough,(72)53457-7867,07.05.09,donec@google.com
Indigo Harper,992,Fundo,Marshall,Rio de Janeiro,SP,Brazil,12936-125,12345679103,Kennedy Gallagher,(55)25156-7833,05.04.10,dignissim.tempor@aol.com
Elijah Newton,415,Frente,Donovan,Sousa,MG,Brazil,67609-984,12345679104,Barbara Ratliff,(45)76263-7293,04.01.12,vitae.erat.vel@outlook.com
Boris Padilla,538,Fundo,Gannon,Rio de Janeiro,PA,Brazil,58951-789,12345679105,Gwendolyn Lindsay,(66)18734-0263,13.05.11,arcu.aliquam@protonmail.com
Solomon Compton,791,Frente,Shelby,Juiz de Fora,PR,Brazil,67657-072,12345679106,Allistair Lucas,(24)0717-7371,01.04.09,scelerisque.neque@yahoo.couk
Flavia Dalton,314,Fundo,Suki,Aparecida de Goiânia,BA,Brazil,38276344,12345679107,Ria Kent,(17)0630-1443,25.01.10,diam@protonmail.net
Ulla Palmer,461,Frente,Nola,Santa Maria,MG,Brazil,58304-766,12345679108,Sage Crosby,(94)5735-7574,28.01.11,urna.et@aol.edu
Alden Gamble,624,Fundo,Cynthia,Santa Maria,MA,Brazil,22861-879,12345679109,Cassidy Price,(31)13856-1675,01.05.10,nunc.sollicitudin@aol.couk
Violet Potts,799,Frente,Ingrid,Parauapebas,RS,Brazil,89433-842,12345679110,Erin Mack,(55)22206-4936,20.02.10,vestibulum@yahoo.org
Ashely Osborne,913,Fundo,Barrett,Águas Lindas de Goiás,PA,Brazil,73717-685,12345679111,Jermaine Fitzgerald,(42)80436-1615,15.06.10,donec.nibh@protonmail.org
Dara Savage,212,Frente,Carson,Carapicuíba,MG,Brazil,14842-674,12345679112,Maya Randall,(83)3883-5246,22.10.11,vel.est.tempor@aol.ca
Yuli Sears,520,Fundo,Carla,Criciúma,MG,Brazil,88585-527,12345679113,Gareth York,(18)14225-5707,19.10.09,magnis@google.ca
Angela Whitehead,937,Frente,Cain,Cabo de Santo Agostinho,BA,Brazil,89381-614,12345679114,Quamar Baird,(32)09232-3638,13.10.09,gravida.sit.amet@hotmail.com
Cailin Sellers,688,Fundo,Zoe,Uberaba,MG,Brazil,51542-142,12345679115,Phelan Miller,(74)82536-3081,10.11.11,ipsum.suspendisse@yahoo.ca
Dacey Mcbride,378,Frente,Sopoline,Novo Hamburgo,RJ,Brazil,89394-166,12345679116,Donovan Oneal,(64)14812-7376,21.01.10,massa.quisque@protonmail.edu
Audrey Marquez,662,Fundo,Cedric,Camaçari,BA,Brazil,82235-514,12345679117,Henry Tillman,(57)5453-2050,14.04.11,ac.feugiat@aol.couk
Mariko Sullivan,300,Frente,Scarlett,Caucaia,RJ,Brazil,12857-821,12345679118,Phelan Mayer,(17)36190-2458,11.10.09,suspendisse@google.com
Magee Massey,916,Fundo,Shaeleigh,Carapicuíba,SP,Brazil,61030-410,12345679119,Cassandra Gray,(87)78149-6851,28.06.11,quis.tristique.ac@google.com
Drake Valdez,773,Frente,Clark,Ananindeua,PA,Brazil,31506148,12345679120,Ivy Murray,(42)3081-4929,17.10.10,lorem.ipsum.sodales@yahoo.couk
Melvin Cohen,280,Fundo,Desiree,Sobral,PA,Brazil,12183-176,12345679121,Andrew Crosby,(83)6814-1662,24.12.09,semper@hotmail.ca
Cassady Anthony,754,Frente,Addison,Luziânia,PR,Brazil,94245-685,12345679122,Rooney Bentley,(36)6554-9352,07.04.10,lacus@hotmail.org
Bell Campbell,712,Fundo,Steven,Castanhal,PA,Brazil,15375-421,12345679123,Adam Stephens,(68)4702-5442,13.11.10,magna.suspendisse@aol.edu
Colleen Owens,978,Frente,Charles,Lauro de Freitas,RS,Brazil,92674-767,12345679124,Courtney Bird,(00)7154-2551,07.09.10,lectus.a@outlook.couk
Simone Fischer,635,Fundo,Martina,Ilhéus,BA,Brazil,36664675,12345679125,Kylan Mcintyre,(14)2013-4778,01.08.09,egestas.aliquam@google.com
Nathaniel Freeman,230,Frente,Jeanette,Caruaru,MG,Brazil,61578-700,12345679126,Naomi Kane,(13)29761-3111,16.04.10,ligula.elit.pretium@yahoo.net
Jelani Gilbert,404,Fundo,Ramona,Bragança,MG,Brazil,42713-475,12345679127,Oleg Boyer,(35)94678-0294,27.03.11,semper.erat@icloud.com
Alexa Rosales,692,Frente,Britanni,Paulista,PB,Brazil,37844734,12345679128,Rooney Sharpe,(80)71521-0194,14.05.10,mauris@hotmail.com
Beverly Kaufman,921,Fundo,Moana,Canoas,SP,Brazil,89128-480,12345679129,Rebecca Santana,(48)56204-8767,23.04.09,commodo@protonmail.couk
Keane Henry,441,Frente,Ariana,Patos,RJ,Brazil,67177-244,12345679130,Sydney Sweet,(48)57480-6781,15.08.11,vel.convallis@google.ca
Otto Hurley,929,Fundo,Jonah,Vitória da Conquista,PE,Brazil,16268-616,12345679131,Courtney Hinton,(93)7257-8541,13.07.10,proin.nisl@protonmail.com
Channing Conner,338,Frente,Miranda,Santa Inês,PR,Brazil,80834-075,12345679132,Lamar Savage,(63)1477-2784,27.02.10,posuere.at@aol.net
Germaine Daniels,475,Fundo,Gail,Patos,MA,Brazil,41953-322,12345679133,Sydney Barlow,(81)94623-2565,06.10.11,montes.nascetur@aol.org
Lucas Paul,152,Frente,Colin,Chapadinha,SP,Brazil,58633-548,12345679134,Oliver Mccullough,(71)7755-7779,07.11.09,orci.adipiscing.non@yahoo.org
Theodore Hall,784,Fundo,Hakeem,Juazeiro,PB,Brazil,68637-159,12345679135,Idona Arnold,(34)22743-1722,25.08.11,augue.eu@yahoo.net
Colette Hood,679,Frente,Ira,Mogi das Cruzes,RS,Brazil,60615-832,12345679136,Dennis Thornton,(51)78563-2677,16.07.10,accumsan@yahoo.couk
Lester Gates,699,Fundo,Orli,Patos,PA,Brazil,55086-652,12345679137,Tamara Calderon,(17)1173-8589,21.09.11,at.arcu.vestibulum@yahoo.ca
Gavin Moon,982,Frente,Nayda,Maranguape,PR,Brazil,58225-053,12345679138,Kermit Decker,(60)8680-8564,15.04.11,elementum@aol.couk
Ryan Santiago,328,Fundo,Edward,Rio Verde,PB,Brazil,84072-286,12345679139,Cailin Dorsey,(73)5804-1182,07.07.10,vulputate.velit.eu@google.ca
Alan Hamilton,391,Frente,Shafira,Sousa,SP,Brazil,87463-180,12345679140,Yuli Schneider,(32)22505-8448,18.06.10,ultrices.vivamus@google.ca
Lois Finley,489,Fundo,Lionel,Piracicaba,SP,Brazil,35230696,12345679141,Isaac Wright,(14)2567-3301,09.02.12,morbi@outlook.org
Alyssa Hickman,343,Frente,Shelly,Juiz de Fora,PR,Brazil,68472-113,12345679142,Lawrence Yates,(83)44513-7422,17.07.09,enim.consequat.purus@aol.ca
Kim Mccray,631,Fundo,Chantale,Santa Rita,GO,Brazil,84262-257,12345679143,Aquila Livingston,(64)61639-3911,02.12.10,rutrum.eu@yahoo.org
Kirk Holt,582,Frente,Carolyn,Pelotas,RJ,Brazil,56465-136,12345679144,Thane Brock,(66)09660-5123,19.04.11,elementum.sem@protonmail.edu
Hiroko Horton,851,Fundo,Mona,Foz do Iguaçu,CE,Brazil,37503828,12345679145,Cruz Poole,(59)17767-8834,04.03.12,mauris.blandit.mattis@icloud.ca
Tamara Burch,173,Frente,Jerry,Belém,PE,Brazil,61270-492,12345679146,Lee Morton,(11)21575-4885,10.06.09,ultricies.sem@protonmail.ca
Keelie David,274,Fundo,Ronan,Patos,PE,Brazil,92626-106,12345679147,Jamal Blake,(73)44111-7607,15.07.11,mauris.magna@outlook.org
Paki Zimmerman,696,Frente,Kitra,Luziânia,PE,Brazil,61488-196,12345679148,Lunea Jordan,(03)7487-6251,30.09.09,ut@google.net
Claire David,423,Fundo,Louis,Bragança,PR,Brazil,88327-125,12345679149,Kaye Gates,(29)17195-4378,29.06.10,pharetra.ut@protonmail.couk
Yael Contreras,746,Frente,Moana,Goiânia,SC,Brazil,58642-581,12345679150,Arsenio Swanson,(36)65231-6608,29.01.12,aliquet.metus@google.ca
Chandler Lara,643,Fundo,Martin,Ilhéus,MG,Brazil,46686-458,12345679151,Phillip Poole,(18)7441-2206,05.06.09,habitant.morbi.tristique@yahoo.couk
Noah Tanner,227,Frente,Felix,Divinópolis,PR,Brazil,89517-437,12345679152,Cooper Patel,(85)4924-3164,25.10.09,torquent@icloud.couk
Shana Simon,923,Fundo,Zephr,Juiz de Fora,PA,Brazil,58582-774,12345679153,Wylie Stokes,(69)3595-3817,16.01.12,faucibus.id.libero@protonmail.com
Gloria Harmon,146,Frente,Savannah,Ananindeua,PB,Brazil,91104-752,12345679154,Salvador Mcintyre,(63)36771-9548,07.06.11,curabitur@aol.com
Karly James,275,Fundo,Sigourney,Itajaí,PB,Brazil,21335-526,12345679155,Emery Gilbert,(79)22523-6403,24.10.11,nunc.quisque.ornare@outlook.org
Palmer Walton,116,Frente,Martena,Campina Grande,PE,Brazil,65620-307,12345679156,Zenia Love,(42)03368-2820,25.06.09,convallis@aol.edu
Vielka Hess,566,Fundo,Sandra,Balsas,SC,Brazil,65443-560,12345679157,Tarik Oneal,(80)32886-4570,25.05.11,ut@outlook.couk
Brian Rogers,728,Frente,Solomon,Ananindeua,CE,Brazil,67424-181,12345679158,Talon Jimenez,(87)5686-7925,12.02.11,leo.elementum.sem@google.edu
Hayes Davidson,670,Fundo,Idona,Camaragibe,PA,Brazil,62663-425,12345679159,Colorado Woods,(46)14280-8349,07.06.10,mauris.ut.quam@protonmail.com
Yetta Fisher,178,Frente,Timothy,Campos dos Goytacazes,SC,Brazil,89735-885,12345679160,Knox Davenport,(57)6521-0355,09.01.10,nulla.semper.tellus@yahoo.ca
Ivan Cole,582,Fundo,Dalton,Maracanaú,RJ,Brazil,62876-980,12345679161,Zahir Spears,(06)1809-5880,22.08.11,cum.sociis.natoque@aol.edu
Phillip Franklin,711,Frente,Jael,Itabuna,PA,Brazil,15922-660,12345679162,Nero Holman,(28)81746-4392,12.12.09,auctor.velit.eget@aol.edu
Ciaran Compton,564,Fundo,Oren,Recife,PB,Brazil,24353-896,12345679163,Bevis Bell,(89)0718-9033,08.02.11,massa.non.ante@icloud.edu
Ashton Wilkinson,603,Frente,Scarlet,Anápolis,GO,Brazil,88137-225,12345679164,Barrett Graves,(38)9745-1677,19.05.10,sapien@hotmail.edu
Camilla Potts,715,Fundo,Sean,Niterói,MG,Brazil,65561-377,12345679165,Ulla Moore,(83)9802-7898,15.07.09,massa.quisque@hotmail.net
Scott Kennedy,473,Frente,Vivien,Feira de Santana,MA,Brazil,89841-274,12345679166,Whitney Banks,(37)4348-3327,19.04.09,mattis.cras.eget@protonmail.org
Adam Osborne,899,Fundo,Marsden,Osasco,PA,Brazil,97261-964,12345679167,Conan Stevens,(70)7963-8174,26.03.10,sit.amet@protonmail.ca
Marny Moreno,118,Frente,Hu,Fortaleza,SC,Brazil,22421-488,12345679168,Belle Mcpherson,(43)3978-2651,23.11.09,tincidunt.aliquam@outlook.ca
Jennifer Randall,499,Fundo,Jessica,São José,MA,Brazil,60532-868,12345679169,Alea Fulton,(49)41482-2563,05.05.09,in.at@aol.edu
Hilel Erickson,578,Frente,Ralph,Feira de Santana,RJ,Brazil,99579-914,12345679170,Jael Tyler,(95)8603-5632,22.06.09,fringilla.ornare@aol.net
Genevieve Hahn,537,Fundo,Caryn,Anápolis,CE,Brazil,74772-420,12345679171,Jorden Cooke,(23)73761-2294,24.07.11,magnis.dis@protonmail.com
Declan Rocha,743,Frente,Guy,Diadema,BA,Brazil,62675-231,12345679172,Odette Monroe,(68)5496-8778,29.08.11,metus@aol.ca
Molly Garner,121,Fundo,Thor,Chapecó,PA,Brazil,60651-095,12345679173,Miriam Ortiz,(66)71031-1066,28.06.09,risus@aol.ca
Irma Ayala,916,Frente,Nicholas,Contagem,PB,Brazil,97585-511,12345679174,Trevor Kramer,(49)1077-0351,14.09.09,duis.gravida.praesent@hotmail.org
Lucius Stewart,526,Fundo,Kirk,Vitória da Conquista,PB,Brazil,35024460,12345679175,Marny Livingston,(21)8182-3866,07.04.10,lectus.sit.amet@protonmail.couk
Raymond Contreras,733,Frente,Nasim,Campina Grande,PA,Brazil,17666-225,12345679176,Isaiah Blackburn,(04)32557-1421,01.08.11,nec.diam@hotmail.edu
Hilda Chen,663,Fundo,Rebekah,Paulista,GO,Brazil,45686-720,12345679177,Timothy Garner,(67)76618-6513,13.03.12,venenatis.vel@icloud.couk
Ramona Pickett,783,Frente,Keith,Aparecida de Goiânia,MG,Brazil,58688-125,12345679178,Shaine Morales,(78)26964-2411,01.05.09,cras.sed@outlook.edu
Charissa Good,212,Fundo,Xander,Cascavel,SC,Brazil,58126-010,12345679179,Baxter Moreno,(71)96095-0527,24.02.12,ornare.libero@protonmail.couk
Leah Barnett,133,Frente,Nolan,Santarém,BA,Brazil,43147-462,12345679180,Leandra Guy,(84)9729-9442,22.02.12,enim.etiam.imperdiet@outlook.couk
Joelle Pitts,375,Fundo,Michael,Águas Lindas de Goiás,SC,Brazil,89754-165,12345679181,Drew Stanton,(63)31206-2247,07.09.09,cubilia.curae@google.couk
Kasper Moss,936,Frente,Katell,Guarulhos,SC,Brazil,67336-935,12345679182,Ria Acevedo,(58)7682-5124,10.02.12,mauris.molestie@icloud.net
Rigel Rivera,270,Fundo,Clinton,Mogi das Cruzes,PE,Brazil,58172-321,12345679183,Fitzgerald Meadows,(68)64155-3680,28.03.10,integer.urna@protonmail.net
Heidi Stanley,229,Frente,Kennan,Águas Lindas de Goiás,SC,Brazil,62575-748,12345679184,Hillary Cooper,(84)50704-3118,03.03.10,eu.erat@yahoo.com
Lacey Sheppard,596,Fundo,Regan,Salvador,CE,Brazil,73753-538,12345679185,Yardley Holden,(64)24370-9268,03.05.11,nulla.eu@outlook.ca
Elvis Gillespie,212,Frente,Eagan,Rio Grande,GO,Brazil,89248-646,12345679186,Kuame Castillo,(35)72213-0855,27.05.10,egestas.rhoncus@icloud.edu
Lee Fields,925,Fundo,Cassandra,Ribeirão Preto,PR,Brazil,85905-373,12345679187,Lucius Cooley,(33)1754-7167,11.09.11,diam.duis.mi@yahoo.couk
Jasmine Valencia,254,Frente,Roth,Bacabal,PA,Brazil,52898-125,12345679188,Zeph Owen,(57)2280-2573,03.05.11,metus.aenean.sed@protonmail.edu
Colby Pacheco,846,Fundo,Sasha,Aparecida de Goiânia,PE,Brazil,76754-555,12345679189,Fay Cotton,(01)2838-4764,06.11.10,proin.ultrices.duis@google.ca
Bryar Rowe,229,Frente,Wyatt,Paço do Lumiar,PR,Brazil,60804-632,12345679190,Xandra Bailey,(37)55263-5767,28.03.11,ac.mattis.velit@aol.org
Lunea Todd,221,Fundo,Hyacinth,Cascavel,SC,Brazil,11256-195,12345679191,Cleo Browning,(89)24445-7208,04.09.09,mi@protonmail.net
Kimberly Snow,704,Frente,Ulla,Chapecó,PR,Brazil,67752-886,12345679192,Arthur Lowery,(88)97382-1568,26.11.09,egestas.nunc.sed@protonmail.org
Graiden Bradley,556,Fundo,Brynn,Uberlândia,PE,Brazil,43371-378,12345679193,Jacob Wilkerson,(55)0822-1616,18.06.11,ac.urna.ut@outlook.org
Carter Combs,718,Frente,Sara,Lauro de Freitas,GO,Brazil,43548-621,12345679194,Daryl Holmes,(02)9238-5714,24.09.09,elementum.sem.vitae@yahoo.org
Olivia Mccray,746,Fundo,Kelly,Fortaleza,SC,Brazil,33253716,12345679195,Nolan Mcmillan,(63)65782-7330,16.01.12,cras@protonmail.com
Quin Sims,984,Frente,Mollie,Joinville,PE,Brazil,65782-188,12345679196,Chase Conley,(33)7367-2354,09.04.10,morbi@hotmail.edu
Valentine Holden,678,Fundo,Lucian,Patos,BA,Brazil,82569-131,12345679197,Alana Gonzales,(77)0371-8648,25.01.12,a@google.net
Ifeoma Bauer,236,Frente,Bradley,Anápolis,MG,Brazil,65178-618,12345679198,Adrienne Humphrey,(81)11943-1737,29.07.11,dui.fusce.aliquam@outlook.couk
Dawn Henderson,244,Fundo,Keely,Campos dos Goytacazes,SP,Brazil,76765-837,12345679199,Ezekiel Manning,(74)9165-8702,04.09.09,non.leo.vivamus@outlook.ca
Joshua Forbes,534,Frente,Delilah,Cascavel,RJ,Brazil,74705-455,12345679200,Ryder Elliott,(83)6575-1257,09.07.10,tristique.pellentesque.tellus@icloud.edu
Neville Livingston,934,Fundo,Miriam,São José dos Pinhais,PB,Brazil,65791-144,12345679201,Imelda Guerrero,(05)52631-6330,19.02.11,magnis.dis@protonmail.org
Gage Brown,398,Frente,Elton,Santa Inês,BA,Brazil,60355-257,12345679202,Noah Mccullough,(41)0927-8158,25.05.11,sed.dictum@yahoo.net
Gareth Brown,470,Fundo,Kaye,Santa Maria,RJ,Brazil,43198-129,12345679203,Unity Yang,(42)2350-8694,29.08.09,natoque.penatibus@protonmail.couk
Alexander Pierce,725,Frente,Macon,Luziânia,CE,Brazil,55318-235,12345679204,Flavia Mueller,(52)04891-5483,09.05.10,eu.sem@google.edu
Hermione Briggs,234,Fundo,Kylee,Lauro de Freitas,PA,Brazil,89036-301,12345679205,Samantha Frye,(44)69464-7766,02.12.11,sem.consequat@outlook.org
Rae White,659,Frente,Mariam,Feira de Santana,BA,Brazil,45470-579,12345679206,Joseph Aguirre,(72)43966-4761,04.11.09,nibh.sit.amet@yahoo.com
Hiroko Henson,771,Fundo,Kylee,Feira de Santana,RJ,Brazil,24868-647,12345679207,Bo Dejesus,(81)21512-8523,11.06.09,amet.consectetuer@outlook.ca
Azalia Combs,805,Frente,Jeanette,Camaçari,PB,Brazil,34536321,12345679208,Thane Franklin,(24)4670-3116,26.02.12,risus.quis@outlook.com
Reese Kirkland,797,Fundo,Laura,Duque de Caxias,PR,Brazil,41406-157,12345679209,Willow Wallace,(87)27217-2156,14.07.11,tincidunt.aliquam@icloud.edu
Chaney Underwood,446,Frente,Savannah,Jundiaí,PE,Brazil,98959-387,12345679210,Calvin Cortez,(76)6251-8976,08.10.09,sit.amet@hotmail.net
Mary Bright,346,Fundo,Mohammad,Crato,SC,Brazil,54917-717,12345679211,Damian Quinn,(38)66117-6482,30.04.11,et@google.org
Eric Velazquez,372,Frente,Patricia,Petrolina,RJ,Brazil,89038-350,12345679212,Idona Hansen,(34)41852-2876,13.04.11,auctor.odio.a@google.com
Nash Poole,130,Fundo,Jennifer,Santa Luzia,CE,Brazil,75776-731,12345679213,Cynthia Fischer,(72)56335-8482,23.04.11,et.magnis.dis@aol.com
Deirdre Haney,496,Frente,Ariana,Rio de Janeiro,RS,Brazil,62587-805,12345679214,Jillian Beasley,(84)86467-2618,21.10.09,nunc.in@outlook.ca
Rajah Long,700,Fundo,Chanda,Valparaíso de Goiás,MG,Brazil,56350-351,12345679215,Ivana Shaffer,(39)4506-8247,17.10.09,lacinia@icloud.org
Nerea Pate,173,Frente,Stephanie,Juazeiro,BA,Brazil,65222-323,12345679216,Benjamin Cook,(26)2325-0176,11.11.09,eleifend.cras@hotmail.ca
Zena Castillo,918,Fundo,Sylvester,Juazeiro,RJ,Brazil,16396-062,12345679217,Hedwig Hardy,(42)5661-0259,24.05.09,cursus.in.hendrerit@outlook.couk
Zane Horne,412,Frente,Faith,Ilhéus,SC,Brazil,41236-681,12345679218,Hakeem Hayden,(64)21063-3352,27.02.11,ut.molestie@hotmail.net
Ferris Patton,376,Fundo,Dale,Paulista,RS,Brazil,62614-628,12345679219,Wayne Barron,(93)85668-5552,09.12.09,tristique.neque@hotmail.net
Kelly Hubbard,345,Frente,Joshua,Marabá,BA,Brazil,40771-371,12345679220,Fitzgerald Clayton,(95)32100-0805,20.05.09,lacus.varius@hotmail.com
Daryl Paul,298,Fundo,Ivory,Patos,SC,Brazil,65803-740,12345679221,Hollee Moore,(52)2788-8202,16.06.09,urna@yahoo.ca
Shellie Aguirre,474,Frente,Karly,Itajaí,MG,Brazil,86001-350,12345679222,Cullen Matthews,(41)08539-4682,12.11.11,fames.ac@yahoo.ca
Griffith Rogers,318,Fundo,Carly,Belo Horizonte,BA,Brazil,74748-382,12345679223,Cooper Hampton,(48)38632-7327,28.08.10,mus.donec@icloud.couk
Miranda Ramsey,767,Frente,Brittany,Campinas,BA,Brazil,63862-000,12345679224,Freya Lamb,(13)4081-3861,02.03.12,consectetuer.adipiscing@icloud.org
Brittany Diaz,969,Fundo,Felix,Contagem,MA,Brazil,15827-028,12345679225,Keiko Hurley,(86)12828-1428,16.01.12,et.malesuada.fames@hotmail.net
Yael Lowe,230,Frente,Holly,Santa Maria,SP,Brazil,14098-334,12345679226,Catherine Haney,(96)8720-7387,30.01.10,ad.litora@protonmail.edu
Idona Bullock,183,Fundo,Denise,João Pessoa,SP,Brazil,85920-655,12345679227,Idona William,(74)0556-6684,22.06.10,tempor.erat.neque@google.net
Mira Bentley,953,Frente,Addison,Bacabal,PE,Brazil,55117-647,12345679228,Jordan Burton,(55)05750-5184,02.07.09,donec.dignissim@hotmail.ca
Walker Casey,674,Fundo,Neil,Cametá,PA,Brazil,61761-472,12345679229,Michael Mcguire,(33)53252-6675,26.03.12,magnis@google.couk
Acton Britt,941,Frente,Louis,Goiânia,RJ,Brazil,65818-960,12345679230,Owen Langley,(14)84551-4832,18.03.10,nibh@hotmail.com
Gavin Molina,659,Fundo,Hyacinth,Foz do Iguaçu,MA,Brazil,58638-701,12345679231,Owen Hebert,(66)27146-4698,04.08.09,eget.odio@aol.com
Baker Valdez,541,Frente,Dara,Mauá,PB,Brazil,91430-402,12345679232,Palmer Estes,(11)5545-6994,27.06.11,eu.arcu@aol.com
Katell Ryan,462,Fundo,Renee,Sousa,CE,Brazil,65719-324,12345679233,Meredith Kerr,(40)57661-4274,16.09.11,scelerisque@outlook.couk
Moana Peterson,531,Frente,Halla,São José dos Pinhais,CE,Brazil,58212-746,12345679234,Kalia Small,(30)7442-1429,22.11.09,morbi@protonmail.edu
Curran Ratliff,850,Fundo,William,Mogi das Cruzes,GO,Brazil,58973-848,12345679235,Gabriel Hatfield,(61)86033-5855,28.02.11,at@outlook.net
Amber Mcclain,790,Frente,Abbot,Timon,PA,Brazil,38854444,12345679236,Maya Lopez,(11)9233-1093,11.06.10,lobortis@icloud.edu
Kyla Alston,315,Fundo,Marsden,Campina Grande,CE,Brazil,62288-285,12345679237,Zia Wooten,(94)3163-5171,08.03.12,sed.est@icloud.edu
Amelia Mooney,377,Frente,Amir,Itajaí,BA,Brazil,67464-026,12345679238,Tallulah Herring,(54)9826-8858,30.09.09,ipsum.phasellus@aol.com
Tyrone Church,473,Fundo,Maite,Niterói,MA,Brazil,74761-572,12345679239,Fiona Meadows,(75)47878-8511,19.04.10,dolor@protonmail.net
Amos Koch,171,Frente,Ava,Salvador,CE,Brazil,20712-544,12345679240,Aristotle Holder,(64)5183-7526,20.07.11,neque.venenatis@google.ca
Baker Pugh,324,Fundo,Tanisha,Colombo,PA,Brazil,63638-562,12345679241,Nerea Barker,(26)4588-6311,16.12.09,sollicitudin.a.malesuada@icloud.org
Damian Salazar,408,Frente,Timothy,Joinville,CE,Brazil,62227-856,12345679242,Jeanette Cross,(18)1101-8809,19.06.10,volutpat.nulla@protonmail.org
Doris Stephenson,458,Fundo,Quamar,Novo Hamburgo,MA,Brazil,58331-432,12345679243,Emery Martinez,(51)93495-3957,12.02.12,rhoncus.donec@aol.edu
Bevis Burt,899,Frente,Paul,Itajaí,PR,Brazil,84608-104,12345679244,Fallon Langley,(55)42162-5829,04.01.12,neque.non.quam@google.couk
Rana Roth,770,Fundo,Patrick,Anápolis,MG,Brazil,31614868,12345679245,Felicia Porter,(85)7939-6267,27.04.11,sit.amet.consectetuer@protonmail.couk
Quail Reilly,436,Frente,Avram,Divinópolis,RS,Brazil,47721-678,12345679246,Kai West,(23)94171-4781,11.09.09,mauris.quis@yahoo.org
Pearl Paul,236,Fundo,Kevin,Camaragibe,PB,Brazil,51229-111,12345679247,Salvador Justice,(24)37210-5831,13.05.10,interdum.ligula.eu@protonmail.org
Mari Foster,356,Frente,Nola,Criciúma,RJ,Brazil,23647-779,12345679248,Laura Montoya,(48)2348-6528,02.01.11,proin.non@protonmail.ca
Alden Bates,450,Fundo,Victoria,Piracicaba,CE,Brazil,45927-280,12345679249,Amelia Reed,(41)18640-6438,08.03.10,eu@protonmail.edu
Boris Peters,394,Frente,Colby,Juazeiro do Norte,BA,Brazil,84627-732,12345679250,Arsenio Gilliam,(95)6404-5612,22.05.11,nunc.ac@aol.net
Gay Buchanan,578,Fundo,Josephine,Bragança,PA,Brazil,58892-516,12345679251,Hilel Finley,(76)58344-0745,20.06.11,scelerisque.lorem.ipsum@yahoo.org
Emily Wilkinson,728,Frente,Caleb,Rio Grande,MG,Brazil,65574-757,12345679252,Jeanette Waters,(78)6187-2818,15.12.10,sem@protonmail.org
Len Reed,648,Fundo,Kiona,Ilhéus,SP,Brazil,83380-923,12345679253,Vance Wilkerson,(32)2366-6182,22.05.11,nec.imperdiet@outlook.org
Valentine Michael,225,Frente,Rina,Santa Maria,MG,Brazil,96236-267,12345679254,Phillip Conner,(41)2541-5851,30.09.09,ac@hotmail.com
Angela Reese,843,Fundo,Macaulay,Águas Lindas de Goiás,PA,Brazil,58952-302,12345679255,Hamish Marks,(29)53766-7012,05.06.10,nec@aol.net
Solomon Lamb,553,Frente,Eleanor,Ipatinga,CE,Brazil,52761-872,12345679256,Wanda Carrillo,(41)76837-2336,27.03.12,risus@aol.edu
Wendy Blanchard,862,Fundo,Joelle,Guarapuava,SC,Brazil,89355-761,12345679257,Griffin Mays,(16)8867-1778,01.08.09,pellentesque@icloud.com
Hasad Zimmerman,242,Frente,Libby,Juazeiro do Norte,BA,Brazil,45838-173,12345679258,Macaulay Hester,(81)8452-8619,18.04.10,ac@hotmail.couk
Colin Sawyer,233,Fundo,Marsden,Sousa,SC,Brazil,58888-295,12345679259,Penelope Bennett,(45)7555-2602,16.08.09,ut@google.edu
Howard Landry,679,Frente,Zane,Piracicaba,BA,Brazil,34385201,12345679260,Alika House,(86)08674-4608,17.02.10,luctus.curabitur.egestas@hotmail.org
Cadman Holden,200,Fundo,Phelan,Londrina,RS,Brazil,86643-706,12345679261,Keane Woodard,(82)9824-2668,20.08.11,quam.quis@protonmail.net
Demetrius Forbes,751,Frente,Barrett,Gravataí,GO,Brazil,88266-301,12345679262,Shea Madden,(94)36876-1177,02.05.09,vestibulum.ante@outlook.ca
McKenzie Case,982,Fundo,Noelani,Montes Claros,SC,Brazil,58083-745,12345679263,Kirsten Pate,(45)1652-3847,06.01.10,aliquam.tincidunt@yahoo.ca
Trevor Maldonado,527,Frente,Mira,Jaboatão dos Guararapes,CE,Brazil,55534-555,12345679264,Victoria Townsend,(16)2607-6816,03.06.11,et.lacinia.vitae@aol.edu
Tad Peck,559,Fundo,Gary,Caxias do Sul,PA,Brazil,66385-392,12345679265,Montana Rosales,(38)3231-9601,29.09.11,turpis.aliquam@google.ca
Driscoll Watson,861,Frente,George,Cabo de Santo Agostinho,BA,Brazil,74776-868,12345679266,Nathan Luna,(73)0321-3879,05.08.09,ullamcorper.duis@outlook.edu
Maxine Whitfield,632,Fundo,Forrest,Rio Grande,PB,Brazil,60793-627,12345679267,Camden Gregory,(73)60849-2764,13.01.11,odio.auctor.vitae@outlook.net
Barclay Duffy,194,Frente,Aretha,Canoas,GO,Brazil,89657-620,12345679268,Jerome Fowler,(42)73642-9511,11.03.10,nascetur.ridiculus@yahoo.com
Stella Oliver,383,Fundo,Jael,Chapadinha,RS,Brazil,52597-331,12345679269,Quemby Brennan,(15)4145-9582,16.01.11,malesuada.ut@aol.couk
Megan Rivas,875,Frente,Odessa,Juazeiro do Norte,RJ,Brazil,86958-179,12345679270,Marvin Dawson,(10)97877-4317,26.09.11,faucibus.orci@outlook.com
Lillian Mclaughlin,273,Fundo,Aladdin,Diadema,RJ,Brazil,26195-942,12345679271,Odette Alvarado,(07)8224-7479,04.03.11,class.aptent@aol.couk
Gray Oneal,895,Frente,Rina,Gravataí,BA,Brazil,88853-243,12345679272,Hamilton Bowers,(58)0146-4161,21.07.09,et@hotmail.couk
Barrett Santiago,744,Fundo,Randall,Santa Inês,BA,Brazil,88152-261,12345679273,Reece Holder,(73)66261-4576,28.10.10,interdum.feugiat@hotmail.com
Jessica Miles,830,Frente,Duncan,Rio Grande,MG,Brazil,97414-823,12345679274,Jack Sandoval,(78)0360-4426,22.01.11,ac.nulla@yahoo.couk
Nola Mendoza,247,Fundo,Rooney,Imperatriz,PB,Brazil,65185-773,12345679275,Jaden Murphy,(31)2227-6859,04.03.11,iaculis.aliquet@outlook.edu
Cade Hendricks,923,Frente,Jenette,Valparaíso de Goiás,PB,Brazil,28215-717,12345679276,Charles Koch,(36)3123-2295,09.04.11,nisi@aol.net
Cameran Myers,969,Fundo,Noah,São Gonçalo,PR,Brazil,25911-526,12345679277,Britanni Riggs,(37)1273-9628,01.11.11,rutrum@hotmail.com
Sybil Lawson,902,Frente,Armando,Caxias,PR,Brazil,73735-152,12345679278,Alexis Hanson,(64)44841-1945,28.06.11,molestie.pharetra@yahoo.couk
Oscar Diaz,410,Fundo,Kareem,Belo Horizonte,MG,Brazil,28721-385,12345679279,Mary Cohen,(46)23699-5264,28.09.11,et@hotmail.net
Kylie Rocha,975,Frente,TaShya,Campina Grande,CE,Brazil,58721-312,12345679280,Candace Mack,(84)6717-5742,29.11.11,sagittis.lobortis.mauris@aol.edu
Carl Savage,135,Fundo,Graham,Niterói,PE,Brazil,39954511,12345679281,Dara Carrillo,(18)54835-4837,30.03.09,nec.diam@protonmail.net
Nyssa Benjamin,110,Frente,Chester,Aparecida de Goiânia,CE,Brazil,65526-392,12345679282,Brittany May,(57)11966-8586,15.02.10,tellus@protonmail.net
Lucius Dillon,318,Fundo,Destiny,Santa Inês,PB,Brazil,58815-353,12345679283,Ezra Gilbert,(66)2984-8226,15.06.10,id.mollis@aol.ca
Byron Sexton,687,Frente,Maia,Betim,SC,Brazil,41969-037,12345679284,Oren Norman,(87)6455-5912,18.10.10,est.mollis.non@aol.com
Hakeem Steele,124,Fundo,Clarke,Paranaguá,PB,Brazil,15542-860,12345679285,Kay Michael,(55)37427-2331,10.11.09,risus.nulla@outlook.net
Neil Beard,907,Frente,Finn,Chapadinha,SP,Brazil,18756-739,12345679286,Zeph Salinas,(81)01648-7231,11.03.12,sed.dictum@google.org
Adele Moody,647,Fundo,Myra,Pelotas,RJ,Brazil,62281-265,12345679287,Giselle Walker,(62)62561-1194,20.09.09,vivamus@hotmail.edu
Wynter Medina,365,Frente,Barbara,Mogi das Cruzes,PE,Brazil,76767-987,12345679288,Yardley York,(77)33845-5304,18.10.11,lorem@aol.couk
Blossom Fry,872,Fundo,Kylee,Caruaru,RS,Brazil,65938-885,12345679289,Rinah Sellers,(64)1877-2114,10.09.09,placerat.eget@hotmail.ca
Reece Morton,815,Frente,Whilemina,Caxias,MG,Brazil,76746-083,12345679290,Axel Whitney,(23)4557-8590,02.08.09,fusce.mi@aol.edu
Meredith Lyons,784,Fundo,Desirae,Codó,PB,Brazil,13186-283,12345679291,Kenneth Guy,(73)2750-5367,05.05.10,vulputate.mauris.sagittis@google.couk
MacKensie Douglas,467,Frente,Imelda,Rio Verde,SP,Brazil,36823561,12345679292,Ruth Swanson,(76)7515-1016,09.04.10,maecenas.libero@outlook.net
Kirsten Larsen,599,Fundo,Cain,Sobral,RS,Brazil,85382-353,12345679293,Scarlett Kerr,(55)5362-9378,18.09.09,volutpat.nulla.facilisis@protonmail.net
Tyler Robinson,274,Frente,Russell,Petrópolis,PR,Brazil,58587-473,12345679294,Kenyon Santiago,(36)1521-6356,17.02.10,elementum@outlook.couk
Halla Walls,742,Fundo,Carlos,Maracanaú,SP,Brazil,65732-823,12345679295,Marvin Ewing,(76)77638-6834,06.05.11,etiam@google.com
Curran Maddox,562,Frente,Sawyer,Porto Alegre,RS,Brazil,58170-552,12345679296,Rashad Moore,(18)68572-0655,01.12.10,est.arcu.ac@icloud.couk
Eve Glover,429,Fundo,Dante,Caruaru,GO,Brazil,21375-787,12345679297,Porter Horn,(90)39928-5796,02.07.11,integer.sem@google.net
Venus Joyner,365,Frente,Risa,Caucaia,MA,Brazil,58756-739,12345679298,Brett Schroeder,(34)65565-7504,05.01.10,ante@google.couk
Chloe Mcfadden,371,Fundo,Hunter,Ilhéus,PE,Brazil,12125-842,12345679299,Hannah Giles,(18)96419-4664,14.09.09,scelerisque@google.org
Tatum Waters,768,Frente,Lee,Lauro de Freitas,RS,Brazil,65724-617,12345679300,Chastity Parsons,(32)00670-7116,24.11.09,ante.iaculis.nec@hotmail.org
Declan Barnes,118,Fundo,Hope,Divinópolis,RJ,Brazil,61253-530,12345679301,Burton Shaw,(48)4367-1171,07.07.09,augue.scelerisque.mollis@aol.edu
Libby Miranda,750,Frente,Rajah,Barra do Corda,GO,Brazil,92288-652,12345679302,Caesar Boyer,(73)2219-4874,15.07.10,quis.accumsan@aol.ca
Melvin Weaver,140,Fundo,Kimberley,São José dos Pinhais,MG,Brazil,52345-318,12345679303,Kylee Neal,(71)28615-6496,23.05.09,ullamcorper.viverra@google.com
Hop Potts,432,Frente,Mercedes,Caucaia,RS,Brazil,65526-322,12345679304,Seth Boyd,(35)85583-2154,21.06.09,ipsum.primis@hotmail.org
Brody Wilkinson,571,Fundo,Liberty,Chapecó,CE,Brazil,58012-227,12345679305,Tad Chase,(66)6552-7524,04.11.10,dolor.fusce@outlook.net
Fay Carter,646,Frente,George,Foz do Iguaçu,MA,Brazil,15784-662,12345679306,Gray Peck,(30)1367-6431,31.01.12,nonummy.ut.molestie@protonmail.net
Brent Trevino,640,Fundo,Catherine,Balsas,MA,Brazil,75771-052,12345679307,Leonard Cobb,(66)27833-9167,10.05.10,blandit.mattis.cras@aol.edu
Nerea Wilkinson,548,Frente,Adele,Campos dos Goytacazes,PE,Brazil,16126-136,12345679308,Berk Mack,(80)45004-2516,15.07.11,nulla.facilisis.suspendisse@hotmail.org
Ignatius Peck,342,Fundo,Acton,Castanhal,CE,Brazil,24835-433,12345679309,Julie Knight,(27)44763-5362,15.12.11,molestie@aol.couk
Francesca Park,906,Frente,Oleg,Petrolina,SC,Brazil,44644-668,12345679310,Neve Drake,(11)53685-5558,26.04.10,nullam.vitae@hotmail.com
Ryder Mcfarland,692,Fundo,Avram,Crato,BA,Brazil,48836-688,12345679311,Yeo Emerson,(16)5363-5479,25.01.10,ornare@protonmail.org
Hilel Ford,621,Frente,Gannon,Curitiba,MA,Brazil,60215-898,12345679312,Kuame Fisher,(68)6825-6711,10.03.11,inceptos.hymenaeos.mauris@google.ca
Isaiah Richard,898,Fundo,Maite,Ilhéus,PR,Brazil,32423146,12345679313,Martha Mccormick,(46)56521-4522,12.08.09,dolor.dapibus@yahoo.edu
Noelle Mccarty,285,Frente,Hedy,Ilhéus,PE,Brazil,75792-073,12345679314,Rose Parrish,(28)61243-1316,03.09.10,blandit@icloud.com
Echo Serrano,742,Fundo,Kimberley,Vitória da Conquista,RJ,Brazil,83127-265,12345679315,Julian Weber,(58)32850-1743,18.04.11,sem.pellentesque@outlook.org
Brenda Bowman,762,Frente,Julian,Maranguape,BA,Brazil,83293-395,12345679316,Lavinia Gilmore,(14)47733-3736,05.08.09,vitae.erat.vivamus@yahoo.ca
Bruno Nunez,110,Fundo,Rooney,Belém,RS,Brazil,26317-376,12345679317,Dane Graves,(48)1466-7260,05.11.11,cum.sociis.natoque@hotmail.edu
Quail Martinez,408,Frente,Chaim,Santa Luzia,RS,Brazil,65456-800,12345679318,Karyn Acevedo,(27)1626-8666,05.08.09,a.facilisis.non@aol.net
Raja Deleon,480,Fundo,Briar,Florianópolis,SP,Brazil,65727-420,12345679319,Dennis Winters,(81)1255-6969,16.11.11,cras@google.edu
Dorothy Mccray,772,Frente,Samson,Cabo de Santo Agostinho,PA,Brazil,76738-233,12345679320,Kasimir Harvey,(85)13134-1937,18.09.09,quis.urna.nunc@outlook.ca
Doris French,826,Fundo,Damon,Cascavel,PB,Brazil,67113-164,12345679321,Miriam Bender,(84)9750-8179,26.04.10,ac.turpis@google.org
Wynne Santiago,921,Frente,Tana,Bacabal,RJ,Brazil,90457-531,12345679322,Mona Morrison,(19)13638-8590,12.02.12,sagittis.placerat.cras@aol.couk
Uriel Park,108,Fundo,Wesley,Campina Grande,PR,Brazil,45014-313,12345679323,Julie Mayer,(65)26362-6754,21.12.10,posuere.vulputate@yahoo.ca
Zane Cabrera,839,Frente,Colby,Camaragibe,MG,Brazil,17627-926,12345679324,Harrison Chavez,(17)5824-5538,05.08.11,ut.pellentesque@yahoo.net
Jordan Merrill,397,Fundo,Alfreda,Paulista,PE,Brazil,58717-885,12345679325,Helen Savage,(18)3351-2429,10.05.09,aenean@outlook.couk
Mariko Faulkner,632,Frente,Murphy,Goiânia,RS,Brazil,68336-687,12345679326,Odysseus Rios,(02)4286-8752,12.09.10,semper.pretium@google.edu
Kylan Mckay,119,Fundo,Jennifer,Bacabal,SC,Brazil,58721-993,12345679327,Sawyer Richard,(74)6673-3752,26.04.11,leo.morbi@outlook.couk
Ocean Glass,393,Frente,Inga,Ribeirão Preto,BA,Brazil,51926-302,12345679328,Linus Rhodes,(63)41177-8315,06.05.11,pede.blandit@outlook.org
Shaeleigh Berry,678,Fundo,Amena,Crato,RS,Brazil,27477-856,12345679329,Harlan House,(82)89454-4847,06.09.10,eget.ipsum@google.edu
Cynthia Saunders,711,Frente,Xantha,Santarém,PR,Brazil,58164-529,12345679330,Sage Mcdaniel,(23)1266-0324,15.07.11,et.rutrum@google.ca
Laith Copeland,127,Fundo,Nero,Bragança,SP,Brazil,86211-792,12345679331,Madeson Keller,(45)5247-8351,31.05.11,magna@outlook.edu
Chancellor Harper,532,Frente,Delilah,Duque de Caxias,SP,Brazil,88526-115,12345679332,Sybil Barnes,(44)37465-5589,10.11.11,vivamus.non@yahoo.com
Madonna Holman,855,Fundo,Piper,Contagem,GO,Brazil,65755-102,12345679333,Cara Scott,(38)74276-3417,15.05.11,amet@aol.org
Whilemina Humphrey,879,Frente,Denise,Salvador,MG,Brazil,80798-426,12345679334,Caleb Maldonado,(89)85332-1241,14.02.11,sociis@outlook.com
Amir Hardy,160,Fundo,Ramona,Sobral,RJ,Brazil,62308-237,12345679335,Kitra Mueller,(54)18866-9235,24.02.12,vivamus.nibh@google.com
Jada Hull,425,Frente,Yen,Caxias do Sul,SP,Brazil,58709-727,12345679336,Preston Peterson,(55)0484-2722,05.04.11,euismod@yahoo.org
Kellie Cleveland,240,Fundo,Nero,Anápolis,MG,Brazil,58225-535,12345679337,Moses Crane,(14)9463-2905,10.04.10,malesuada.vel@yahoo.ca
Logan Carlson,135,Frente,Stuart,Itabuna,PR,Brazil,16673-556,12345679338,Ava Hickman,(02)1663-6531,24.03.10,dolor.nonummy@hotmail.net
Cyrus Mcleod,821,Fundo,Sonya,Goiânia,SP,Brazil,22420-352,12345679339,Simone Hoffman,(53)33527-2156,31.01.12,at@protonmail.org
Marah Clay,950,Frente,Randall,Belford Roxo,CE,Brazil,26313-621,12345679340,Ryder Reyes,(24)6148-2733,05.05.11,posuere.cubilia.curae@aol.org
Ora Wyatt,687,Fundo,Troy,Camaragibe,MA,Brazil,52462-506,12345679341,Reed Mclaughlin,(32)32846-5628,27.11.09,metus.facilisis@google.ca
Branden Moore,171,Frente,Ocean,São José dos Pinhais,CE,Brazil,89364-002,12345679342,Hanna Walton,(68)6110-3390,26.06.11,neque.vitae@hotmail.couk
Kareem Pitts,796,Fundo,Kenneth,Cascavel,GO,Brazil,58187-877,12345679343,Cole Duke,(29)78720-2501,18.03.10,ac.libero.nec@yahoo.org
Kamal Riddle,480,Frente,Deacon,Campinas,SC,Brazil,42886-132,12345679344,Dylan Slater,(56)1553-7743,31.08.10,faucibus.ut.nulla@protonmail.net
Kim Guzman,108,Fundo,Elton,Paço do Lumiar,GO,Brazil,81869-832,12345679345,Castor Landry,(46)6417-4031,29.07.09,in@protonmail.couk
Cole Keith,397,Frente,Keefe,Crato,PR,Brazil,26260-633,12345679346,Stella Collier,(73)9837-5220,28.08.11,tempus.non@icloud.net
Bevis Woodward,350,Fundo,Harriet,Patos,PB,Brazil,65313-285,12345679347,Tatum Hays,(93)05938-1663,06.09.10,massa.rutrum@yahoo.ca
Noble Solis,368,Frente,Brenna,Criciúma,PA,Brazil,88095-461,12345679348,Jade Mclean,(77)72384-8421,26.08.11,non.lacinia.at@aol.com
Ferris Maddox,462,Fundo,Rebekah,Ilhéus,PB,Brazil,52513-212,12345679349,Xantha Bowen,(30)8985-1775,08.12.11,ultricies.dignissim@google.edu
Fitzgerald Jones,371,Frente,Raphael,Salvador,GO,Brazil,12145-676,12345679350,Damian Contreras,(99)48345-8470,28.06.09,mollis.dui@icloud.org
Fuller House,352,Fundo,Scarlett,Petrolina,PB,Brazil,25867-641,12345679351,Cairo Johns,(96)8287-8502,14.01.12,lectus@yahoo.org
Skyler Carney,755,Frente,Linus,Ponta Grossa,RJ,Brazil,17373-198,12345679352,Mary Patterson,(26)62478-1441,25.09.09,arcu.vivamus@google.net
Rudyard Craft,656,Fundo,Cairo,Bayeux,MG,Brazil,35762923,12345679353,Cruz Davidson,(04)4671-3346,15.07.10,enim.gravida@aol.com
Bertha Marquez,600,Frente,Donovan,Rio Verde,RJ,Brazil,65664-562,12345679354,Aileen Henry,(92)2972-4312,22.04.11,scelerisque.neque@yahoo.ca
Pearl Alvarez,456,Fundo,Carter,Açailândia,PE,Brazil,85881-172,12345679355,Bianca Rush,(76)5472-8000,03.10.10,ac.risus.morbi@protonmail.couk
Celeste Reed,865,Frente,Jermaine,São José,BA,Brazil,74737-192,12345679356,Demetria Crosby,(08)5853-8119,25.09.11,posuere.vulputate@yahoo.couk
Rhoda Puckett,284,Fundo,Jacob,Caruaru,MG,Brazil,80147-044,12345679357,Phelan Blankenship,(12)29531-8013,14.07.09,fusce.feugiat.lorem@icloud.couk
Jermaine Key,397,Frente,Cheyenne,Águas Lindas de Goiás,SC,Brazil,42594-169,12345679358,Cynthia Powers,(21)0939-5757,28.06.11,nisi.dictum@hotmail.com
Berk House,955,Fundo,Jonas,Canoas,SP,Brazil,85886-532,12345679359,Rogan Hoffman,(32)58237-1858,04.01.11,quisque.varius@protonmail.org
Dawn Bennett,704,Frente,Dahlia,Caxias,RJ,Brazil,66618-668,12345679360,Michael Burton,(35)54967-6137,24.10.09,sociis@protonmail.edu
Nicholas Peck,156,Fundo,Kirk,Pelotas,PB,Brazil,58708-957,12345679361,Keane Donaldson,(12)6216-0805,17.06.10,tempus@outlook.org
Benjamin Soto,792,Frente,Mia,Blumenau,RS,Brazil,89412-635,12345679362,Fletcher Salinas,(68)80645-6418,26.06.09,lectus.ante.dictum@aol.net
Stephen Lopez,701,Fundo,Evangeline,Balsas,SC,Brazil,61364-366,12345679363,Kirk Walter,(65)05936-0124,31.07.09,nunc.sollicitudin.commodo@hotmail.net
Velma Roth,696,Frente,Helen,Anápolis,PE,Brazil,67577-779,12345679364,Brynn Pitts,(27)47693-5680,05.10.09,at.augue@outlook.net
Alexa Ramos,871,Fundo,Ainsley,Guarulhos,MG,Brazil,36336223,12345679365,Flavia Johnston,(61)95821-0134,10.05.09,nec@hotmail.net
Yuri Hodges,951,Frente,Ferris,Maringá,RS,Brazil,81427-356,12345679366,Finn William,(01)5648-4355,28.05.11,interdum.nunc.sollicitudin@outlook.org
Jacob Kane,370,Fundo,Garrett,Santa Maria,SC,Brazil,13224-484,12345679367,Colton Velazquez,(61)9985-7392,25.07.11,eu.dui@aol.ca
Lana Barrett,945,Frente,Reed,Uberaba,MG,Brazil,41296-816,12345679368,Nina Atkins,(51)0162-3213,21.05.11,tellus.phasellus.elit@outlook.ca
Aileen Kelley,647,Fundo,David,Lauro de Freitas,MA,Brazil,74797-256,12345679369,Xantha Grimes,(72)5484-8289,06.09.11,ut.tincidunt@aol.org
Baxter Shaw,934,Frente,Nichole,Pelotas,SP,Brazil,51251-355,12345679370,Kelly Mclean,(34)35723-7617,03.09.10,risus@aol.edu
Lucian Bridges,913,Fundo,Zachary,Campina Grande,SP,Brazil,84464-937,12345679371,Travis Gross,(95)10399-5974,19.10.10,auctor.nunc@protonmail.ca
Nomlanga Farley,151,Frente,Dylan,Divinópolis,PR,Brazil,26725-981,12345679372,Leah Whitney,(84)50478-5590,17.12.09,orci.luctus.et@protonmail.edu
Molly Henry,284,Fundo,Kitra,Florianópolis,PA,Brazil,15135-174,12345679373,Delilah Robinson,(29)8148-7703,22.03.10,mauris@outlook.com
Abigail Mccullough,376,Frente,Macaulay,Caxias do Sul,CE,Brazil,37960114,12345679374,Gage Steele,(76)3011-1617,13.07.11,odio@hotmail.edu
Karyn Copeland,601,Fundo,Dieter,Chapecó,RS,Brazil,39392833,12345679375,Francis Kelley,(52)7789-8267,04.07.10,molestie@icloud.ca
Kiayada Klein,573,Frente,Selma,Recife,MA,Brazil,75726-278,12345679376,Steel Mcknight,(98)84902-3268,21.07.11,iaculis.odio@aol.couk
Thaddeus Day,981,Fundo,Kirby,Vitória da Conquista,PE,Brazil,20307-647,12345679377,Austin Jenkins,(96)6890-1584,29.01.11,penatibus.et.magnis@hotmail.net
Alfonso Matthews,341,Frente,Mallory,Cabo de Santo Agostinho,CE,Brazil,75744-787,12345679378,Jemima Richards,(55)37326-1743,17.11.11,nec.eleifend.non@yahoo.ca
Madonna Barrett,298,Fundo,Ima,Crato,PB,Brazil,89823-565,12345679379,Hayden Shelton,(62)92068-2558,15.10.10,purus.in@icloud.com
Rebekah Dixon,152,Frente,Kennedy,Santa Rita,MG,Brazil,74705-332,12345679380,Jane Bridges,(54)62078-8800,24.11.10,at@hotmail.couk
Ivory Vega,848,Fundo,Oscar,Niterói,BA,Brazil,51118-664,12345679381,Faith Ferrell,(31)32241-5010,22.10.09,morbi@icloud.ca
Alyssa Robinson,591,Frente,Zelenia,Curitiba,MA,Brazil,76754-887,12345679382,Arthur Cunningham,(64)0414-6193,03.01.12,maecenas.mi@outlook.net
Jasper Newman,560,Fundo,Cassady,Luziânia,CE,Brazil,65137-973,12345679383,Cassidy Douglas,(34)9834-8447,27.06.10,eu.neque.pellentesque@aol.couk
Myra Golden,819,Frente,Colby,Maranguape,PB,Brazil,89898-434,12345679384,Quyn Galloway,(48)07520-6706,11.07.11,sed@outlook.net
Ulla Butler,938,Fundo,Craig,Camaragibe,CE,Brazil,68026-233,12345679385,Demetria Snow,(41)6834-3788,25.05.09,sem@aol.com
Lacey Whitaker,908,Frente,Geraldine,Fortaleza,PR,Brazil,93383-868,12345679386,Zena Mcdonald,(77)1865-8377,01.10.10,odio.nam@icloud.org
Stephanie Smith,116,Fundo,Paki,Valparaíso de Goiás,BA,Brazil,85438-694,12345679387,Phyllis Turner,(38)13732-3061,18.12.11,semper.nam.tempor@google.net
Charity Stone,787,Frente,Gage,Patos,MG,Brazil,88112-963,12345679388,Charissa Stone,(63)65613-3411,17.07.09,netus@protonmail.couk
Portia Chambers,317,Fundo,Eliana,Rio Verde,RJ,Brazil,32567374,12345679389,Inez Atkinson,(84)5427-3451,21.01.10,vitae@google.org
Sharon Cervantes,846,Frente,Madaline,Curitiba,SC,Brazil,47447-429,12345679390,Velma Garza,(14)8179-1053,20.01.10,libero.lacus@protonmail.ca
Mohammad Ortiz,428,Fundo,Courtney,Patos,PB,Brazil,15660-567,12345679391,Pearl O'connor,(68)7886-1946,15.09.10,non.cursus@protonmail.couk
Kylan Graves,594,Frente,Gray,Campina Grande,GO,Brazil,76716-317,12345679392,Anastasia Tanner,(13)6342-3808,30.11.10,nec.ante.blandit@yahoo.edu
Kieran Johnson,318,Fundo,Ronan,Maringá,SP,Brazil,67286-963,12345679393,Brianna Hall,(44)1399-3135,05.06.10,ipsum.donec@hotmail.couk
Vera Bass,429,Frente,Scarlett,Recife,PE,Brazil,58910-572,12345679394,Peter Hogan,(31)4327-5649,26.12.11,nunc.risus@protonmail.net
Kareem Alexander,371,Fundo,Driscoll,Sousa,SP,Brazil,98874-288,12345679395,Kelly Fitzpatrick,(68)75715-6704,27.03.11,tempor.arcu@yahoo.ca
Macaulay Dixon,763,Frente,Jin,Cametá,CE,Brazil,74749-219,12345679396,Winifred Haynes,(36)16686-6767,15.02.12,eu.elit.nulla@aol.net
Phillip Glover,517,Fundo,Joel,Patos,SP,Brazil,74727-356,12345679397,Olympia Watson,(63)5413-5420,13.09.10,leo@hotmail.ca
Macaulay Allison,860,Frente,Xavier,Itapipoca,CE,Brazil,18835-277,12345679398,Chanda Washington,(32)6182-0198,17.02.11,dictum.placerat@icloud.couk
Hayes Lancaster,434,Fundo,John,Imperatriz,RJ,Brazil,84456-881,12345679399,Erich Holman,(04)45897-9177,03.08.09,id.mollis.nec@aol.org
Tanek Smith,771,Frente,Hamilton,Abaetetuba,MA,Brazil,65622-031,12345679400,Tucker Boyle,(65)77745-3456,16.11.11,ultrices.posuere@hotmail.net
Edan Bennett,517,Fundo,Pearl,Santa Inês,PR,Brazil,83820-216,12345679401,Meredith Bradford,(46)1648-6703,16.08.09,laoreet.libero.et@google.com
Ivor Justice,182,Frente,Walter,Abaetetuba,PR,Brazil,46423-165,12345679402,Dora Head,(27)2627-1311,25.06.11,lectus.cum.sociis@icloud.edu
September Huffman,992,Fundo,Edan,João Pessoa,PR,Brazil,58567-307,12345679403,Rudyard Marshall,(17)15728-7184,29.12.11,sodales.elit@aol.couk
Cassady Strong,758,Frente,Wylie,Canoas,BA,Brazil,65287-154,12345679404,Lani Schmidt,(44)7036-6845,13.07.10,sed.molestie@protonmail.edu
Zahir Leblanc,807,Fundo,Kylee,Águas Lindas de Goiás,PB,Brazil,66400-415,12345679405,Joseph Mcclain,(91)2908-2478,06.08.10,cras.dictum@aol.com
Otto Richard,199,Frente,Elliott,Caruaru,RS,Brazil,86495-084,12345679406,Harlan Randall,(38)1772-4961,02.04.11,proin@hotmail.com
Wynter Jensen,327,Fundo,Craig,Lauro de Freitas,PA,Brazil,22768-545,12345679407,Aquila Ray,(34)57114-2867,12.06.11,ut@aol.net
Zorita Hoover,452,Frente,Yael,Florianópolis,RS,Brazil,90314-721,12345679408,Teagan Fry,(54)7136-1337,03.07.09,sapien.imperdiet@outlook.edu
Noah Schultz,660,Fundo,Tyrone,Rio de Janeiro,SP,Brazil,75778-567,12345679409,Jameson Rivera,(61)5562-6402,04.02.12,dolor.elit@outlook.couk
